1,Shannon,Stroulger,sstroulger0@pcworld.com,Male,19.238.189.39
2,Roana,Freund,rfreund1@usnews.com,Female,129.206.221.33
3,Dido,Gronou,dgronou2@histats.com,Female,61.118.37.227
4,Bale,Baldelli,bbaldelli3@amazon.co.uk,Male,137.37.183.47
5,Sonia,Silcocks,ssilcocks4@admin.ch,Female,230.126.51.6
6,Donavon,Carville,dcarville5@youtube.com,Male,218.166.228.3
7,Beauregard,Kenner,bkenner6@admin.ch,Male,40.167.214.69
8,Huntlee,Pentony,hpentony7@goo.ne.jp,Male,203.12.20.25
9,Bellina,Halifax,bhalifax8@ihg.com,Female,246.140.101.18
10,Mikey,McGrowther,mmcgrowther9@si.edu,Male,41.155.240.128
11,Jilli,Janda,jjandaa@dot.gov,Female,237.216.3.249
12,Steffi,Killner,skillnerb@sourceforge.net,Female,48.81.44.159
13,Amerigo,Mellmoth,amellmothc@issuu.com,Male,167.241.78.242
14,Kassia,Vennings,kvenningsd@meetup.com,Female,227.25.188.246
15,Marv,Pinniger,mpinnigere@java.com,Male,153.49.246.224
16,Jakob,Ellesworth,jellesworthf@networksolutions.com,Male,138.34.134.214
17,Christie,Osgardby,cosgardbyg@sciencedirect.com,Male,110.165.204.149
18,Nomi,Wilcott,nwilcotth@nasa.gov,Female,5.93.87.200
19,Kaylil,Wilsone,kwilsonei@gov.uk,Female,141.215.94.101
20,Addie,Karpman,akarpmanj@tmall.com,Female,120.152.6.164
21,Bettine,Quainton,bquaintonk@gizmodo.com,Female,247.210.31.128
22,Huberto,Rubenov,hrubenovl@cafepress.com,Male,202.139.163.206
23,Alvira,Leverage,aleveragem@mashable.com,Female,115.218.152.111
24,Rae,Elsley,relsleyn@taobao.com,Female,35.74.99.57
25,Naoma,Domeney,ndomeneyo@tmall.com,Female,148.179.55.132
26,Alexine,Vickors,avickorsp@purevolume.com,Female,21.56.177.128
27,Inez,Paridge,iparidgeq@ucoz.com,Female,44.134.98.47
28,Austine,Dickons,adickonsr@domainmarket.com,Female,230.4.199.151
29,Dinny,Domingues,ddominguess@tumblr.com,Female,241.112.28.59
30,Zena,Hubery,zhuberyt@bbc.co.uk,Female,5.234.1.221
31,Riley,Rich,rrichu@comcast.net,Male,179.26.43.65
32,Randy,Fernyhough,rfernyhoughv@tmall.com,Female,193.18.162.140
33,Nilson,Holliar,nholliarw@weather.com,Male,79.255.200.37
34,Ode,Lemasney,olemasneyx@list-manage.com,Male,181.22.98.233
35,Lilli,McCudden,lmccuddeny@zimbio.com,Female,103.134.132.239
36,Horten,Rosenberger,hrosenbergerz@europa.eu,Male,145.193.229.230
37,Courtney,Ubach,cubach10@netvibes.com,Male,115.55.19.230
38,Timotheus,Loisi,tloisi11@timesonline.co.uk,Male,238.138.58.128
39,Louis,Francklyn,lfrancklyn12@irs.gov,Male,20.17.143.28
40,Dinah,Gillie,dgillie13@vistaprint.com,Female,2.222.106.206
41,Sully,Bisley,sbisley14@smugmug.com,Male,71.177.50.242
42,Francois,Bagwell,fbagwell15@1688.com,Male,103.15.152.66
43,Weston,Curl,wcurl16@a8.net,Male,102.241.152.187
44,Georg,Clegg,gclegg17@dmoz.org,Male,242.33.178.19
45,Hugues,Le Noire,hlenoire18@wired.com,Male,36.96.151.47
46,Aloysius,Lemery,alemery19@wp.com,Male,12.199.196.28
47,Adan,Matveichev,amatveichev1a@constantcontact.com,Male,79.225.199.238
48,Karee,Tingcomb,ktingcomb1b@wiley.com,Female,6.165.58.47
49,Xever,Couronne,xcouronne1c@angelfire.com,Male,241.96.143.154
50,Rudy,Bedow,rbedow1d@latimes.com,Male,43.119.194.92
51,Cortie,Greetland,cgreetland1e@stumbleupon.com,Male,18.208.185.49
52,Nerty,Ithell,nithell1f@epa.gov,Female,235.232.194.229
53,Cam,Studders,cstudders1g@msn.com,Female,155.198.221.84
54,Rebekah,Taggett,rtaggett1h@bizjournals.com,Female,120.187.38.35
55,Kriste,Sime,ksime1i@google.cn,Female,187.33.18.102
56,Ashien,Blewett,ablewett1j@yahoo.co.jp,Female,193.160.66.124
57,Deane,Devericks,ddevericks1k@tmall.com,Female,176.3.192.171
58,Neala,Bennie,nbennie1l@booking.com,Female,120.93.184.227
59,Ephrayim,Thornber,ethornber1m@ocn.ne.jp,Male,173.191.37.159
60,Ludwig,Jereatt,ljereatt1n@wordpress.org,Male,73.192.131.8
61,Beryl,Gettins,bgettins1o@google.it,Female,236.184.0.187
62,Padraig,Astman,pastman1p@symantec.com,Male,191.202.156.45
63,Zia,Fardy,zfardy1q@amazon.de,Female,15.155.40.207
64,Minor,Fattore,mfattore1r@soundcloud.com,Male,23.119.116.59
65,Diandra,Redrup,dredrup1s@google.it,Female,141.187.220.98
66,Aubrey,Beckitt,abeckitt1t@reverbnation.com,Male,146.41.74.191
67,Hazlett,Alltimes,halltimes1u@cnn.com,Male,46.35.251.129
68,Galen,Jarnell,gjarnell1v@imdb.com,Male,182.96.1.1
69,Farrel,Gurnett,fgurnett1w@naver.com,Male,112.129.202.180
70,Mead,Wenderott,mwenderott1x@nba.com,Male,25.94.0.26
71,Sol,Prangle,sprangle1y@nytimes.com,Male,240.252.47.103
72,Mortimer,Kingswold,mkingswold1z@hp.com,Male,252.136.249.96
73,Daniella,Orwin,dorwin20@washington.edu,Female,222.182.24.133
74,Bert,Slamaker,bslamaker21@google.pl,Male,11.118.144.140
75,Zeb,Flatt,zflatt22@tripadvisor.com,Male,103.111.154.122
76,Archie,Hulse,ahulse23@cpanel.net,Male,252.137.134.67
77,Angelle,Danaher,adanaher24@google.co.uk,Female,45.219.100.240
78,Joscelin,Paolone,jpaolone25@spotify.com,Female,178.86.235.141
79,Janna,Coulthard,jcoulthard26@nbcnews.com,Female,252.11.22.174
80,Wendall,Sparshutt,wsparshutt27@slideshare.net,Male,166.142.169.79
81,Welbie,Southorn,wsouthorn28@ow.ly,Male,164.253.152.150
82,Jud,Leamy,jleamy29@1und1.de,Male,181.42.63.2
83,Merline,Rochell,mrochell2a@tinyurl.com,Female,0.14.201.198
84,Rick,Bracken,rbracken2b@ucla.edu,Male,198.178.199.162
85,Anselm,Wardhaw,awardhaw2c@pbs.org,Male,72.214.27.218
86,Worthington,Anselm,wanselm2d@hao123.com,Male,139.21.150.121
87,Bobbi,Tong,btong2e@themeforest.net,Female,186.191.204.93
88,Berkly,Carrane,bcarrane2f@diigo.com,Male,121.84.107.237
89,Godard,Titcumb,gtitcumb2g@amazon.de,Male,234.180.98.216
90,Correy,Chiles,cchiles2h@fema.gov,Male,73.62.171.106
91,Christoper,Ingold,cingold2i@globo.com,Male,31.27.130.151
92,Marrissa,Fernao,mfernao2j@jugem.jp,Female,209.86.87.123
93,Zane,Denne,zdenne2k@netlog.com,Male,213.144.186.41
94,Graeme,Barrasse,gbarrasse2l@bbc.co.uk,Male,21.62.71.123
95,Dennet,Esser,desser2m@ibm.com,Male,132.232.84.167
96,Vassili,Mattke,vmattke2n@purevolume.com,Male,161.107.203.233
97,Florenza,Gliddon,fgliddon2o@thetimes.co.uk,Female,149.96.240.135
98,Abby,MacCaghan,amaccaghan2p@nytimes.com,Female,209.3.171.216
99,Chick,MacCole,cmaccole2q@symantec.com,Male,176.71.101.68
100,Hilde,Guislin,hguislin2r@weather.com,Female,0.164.20.180
101,Leo,Menicomb,lmenicomb2s@nsw.gov.au,Male,57.64.208.119
102,Farand,Duchatel,fduchatel2t@yelp.com,Female,193.27.73.92
103,Guglielma,MacAlpyne,gmacalpyne2u@wisc.edu,Female,111.93.49.140
104,Hansiain,Rosario,hrosario2v@amazonaws.com,Male,253.122.127.176
105,Pru,Gillott,pgillott2w@purevolume.com,Female,71.117.53.228
106,Coriss,Galvin,cgalvin2x@w3.org,Female,7.183.228.102
107,Sonnnie,Egiloff,segiloff2y@google.co.uk,Female,33.215.229.228
108,Murdoch,Tomaselli,mtomaselli2z@ucla.edu,Male,205.4.87.11
109,Katusha,Raulston,kraulston30@nbcnews.com,Female,34.184.188.60
110,Emmye,Gavahan,egavahan31@slideshare.net,Female,195.132.10.52
111,Bernhard,Goss,bgoss32@google.ca,Male,239.81.96.196
112,Thaine,McPartlin,tmcpartlin33@globo.com,Male,223.119.94.111
113,Tull,Jeafferson,tjeafferson34@hexun.com,Male,78.175.199.21
114,Velvet,Joffe,vjoffe35@engadget.com,Female,5.146.112.185
115,Marji,Inch,minch36@zdnet.com,Female,243.77.128.200
116,Gilbertina,Hearnden,ghearnden37@posterous.com,Female,83.30.246.35
117,Quent,Strawbridge,qstrawbridge38@icq.com,Male,235.99.10.208
118,Alonzo,Riccardelli,ariccardelli39@msn.com,Male,241.233.87.38
119,Vern,Minors,vminors3a@elpais.com,Male,153.201.175.179
120,Gamaliel,Hatz,ghatz3b@studiopress.com,Male,34.11.221.22
121,Nicko,Morrilly,nmorrilly3c@census.gov,Male,69.43.159.143
122,Lanette,De Bruyn,ldebruyn3d@time.com,Female,35.163.221.236
123,Carin,Ringe,cringe3e@gravatar.com,Female,1.158.40.206
124,Adolphe,Oran,aoran3f@biglobe.ne.jp,Male,232.56.184.204
125,Darcy,Cumpsty,dcumpsty3g@apple.com,Male,248.72.55.30
126,Orland,Tremble,otremble3h@state.gov,Male,203.38.72.164
127,Jennica,Plaschke,jplaschke3i@kickstarter.com,Female,103.88.105.96
128,Redford,Jasiak,rjasiak3j@sphinn.com,Male,5.124.248.232
129,Clerissa,Hillock,chillock3k@berkeley.edu,Female,124.148.228.186
130,Dorry,Snailham,dsnailham3l@tamu.edu,Female,227.247.145.12
131,Georgie,Grosvenor,ggrosvenor3m@dailymotion.com,Male,127.145.212.63
132,Verena,Brigham,vbrigham3n@icq.com,Female,97.122.153.233
133,Curcio,Bodman,cbodman3o@bandcamp.com,Male,16.168.100.13
134,Hayyim,Vaud,hvaud3p@comcast.net,Male,192.165.138.116
135,Janenna,Evenett,jevenett3q@1688.com,Female,22.43.198.192
136,Lauralee,McHaffy,lmchaffy3r@goodreads.com,Female,152.153.225.68
137,Galven,Arnault,garnault3s@oracle.com,Male,255.92.22.21
138,Mayor,Hynes,mhynes3t@facebook.com,Male,128.21.183.171
139,Celesta,Nottingham,cnottingham3u@nymag.com,Female,52.58.102.127
140,Farrel,McLleese,fmclleese3v@msn.com,Male,132.206.84.19
141,Zach,Loweth,zloweth3w@nba.com,Male,109.167.254.107
142,Horatio,Chesterton,hchesterton3x@earthlink.net,Male,168.145.78.27
143,Hartwell,Guswell,hguswell3y@weather.com,Male,211.10.19.231
144,Lemmy,Syfax,lsyfax3z@youtu.be,Male,118.48.131.73
145,Stern,Guard,sguard40@storify.com,Male,229.156.98.54
146,Hurley,Chinnock,hchinnock41@nymag.com,Male,189.7.93.14
147,Hardy,Margett,hmargett42@creativecommons.org,Male,57.98.251.211
148,Patin,Wildes,pwildes43@statcounter.com,Male,183.171.210.137
149,Rickey,Filippozzi,rfilippozzi44@joomla.org,Male,47.6.193.56
150,Adella,Probetts,aprobetts45@wordpress.com,Female,207.104.165.16
151,Kari,Skirling,kskirling46@geocities.jp,Female,177.80.1.60
152,Iolanthe,Woofinden,iwoofinden47@chicagotribune.com,Female,204.81.46.57
153,Katharine,Veasey,kveasey48@gizmodo.com,Female,30.84.190.42
154,Salvidor,Groarty,sgroarty49@gravatar.com,Male,137.254.255.247
155,Venus,Bareford,vbareford4a@tinypic.com,Female,9.146.38.13
156,Gene,Aldcorne,galdcorne4b@barnesandnoble.com,Male,19.230.84.97
157,Farrel,Dacey,fdacey4c@uiuc.edu,Male,0.40.109.251
158,Mike,Kirkwood,mkirkwood4d@liveinternet.ru,Male,122.38.5.191
159,Bealle,Iacovolo,biacovolo4e@hao123.com,Male,199.204.101.164
160,Lorianna,Rosenstock,lrosenstock4f@illinois.edu,Female,142.214.195.120
161,Franky,Garmanson,fgarmanson4g@t-online.de,Female,106.127.152.8
162,Lisbeth,Pauletto,lpauletto4h@tiny.cc,Female,221.26.166.150
163,Hunt,Florentine,hflorentine4i@sfgate.com,Male,140.243.204.186
164,Denys,Jakubowski,djakubowski4j@sogou.com,Male,85.237.177.254
165,Thalia,Roskeilly,troskeilly4k@gnu.org,Female,245.232.70.29
166,Zsazsa,Worts,zworts4l@bandcamp.com,Female,132.228.250.173
167,Arda,Wyburn,awyburn4m@storify.com,Female,112.160.110.142
168,Brewer,Kemitt,bkemitt4n@go.com,Male,142.148.30.216
169,Allayne,Musto,amusto4o@hhs.gov,Male,250.210.242.238
170,Rickie,Mounter,rmounter4p@issuu.com,Male,201.25.45.28
171,Karlens,Kilius,kkilius4q@flavors.me,Male,26.210.180.193
172,Jammal,Binestead,jbinestead4r@people.com.cn,Male,136.185.93.218
173,Filmer,Stark,fstark4s@state.tx.us,Male,207.45.196.148
174,Gladi,Fenn,gfenn4t@meetup.com,Female,35.56.58.86
175,Pattie,Lilburn,plilburn4u@desdev.cn,Female,130.175.188.109
176,Orion,Shelley,oshelley4v@mail.ru,Male,186.40.246.207
177,Jelene,Muzzollo,jmuzzollo4w@house.gov,Female,11.180.144.214
178,Carolynn,Keymar,ckeymar4x@nydailynews.com,Female,153.34.42.191
179,Rebbecca,Fairlem,rfairlem4y@vk.com,Female,70.8.9.163
180,Burr,Basham,bbasham4z@istockphoto.com,Male,37.226.121.96
181,Lyon,Jeyes,ljeyes50@edublogs.org,Male,242.202.172.166
182,Theodore,Adcock,tadcock51@canalblog.com,Male,108.70.0.173
183,Decca,Winspear,dwinspear52@tuttocitta.it,Male,15.223.24.13
184,Kane,Ferron,kferron53@reddit.com,Male,40.165.172.105
185,Hartley,Learoyde,hlearoyde54@timesonline.co.uk,Male,238.129.142.72
186,Zacharie,Van Arsdall,zvanarsdall55@apple.com,Male,75.245.220.200
187,Idette,Hackney,ihackney56@ca.gov,Female,33.11.182.205
188,Sasha,Mourton,smourton57@hc360.com,Female,253.40.34.150
189,Asa,Presman,apresman58@craigslist.org,Male,254.21.33.131
190,Thia,Gleave,tgleave59@ovh.net,Female,190.208.72.182
191,Miner,McDool,mmcdool5a@tiny.cc,Male,136.77.93.164
192,Lemuel,Glasner,lglasner5b@paypal.com,Male,30.179.45.6
193,Carney,Ponte,cponte5c@biglobe.ne.jp,Male,208.156.215.132
194,Howey,Neilus,hneilus5d@over-blog.com,Male,70.69.245.113
195,Marrissa,Scotts,mscotts5e@multiply.com,Female,37.39.6.208
196,Conny,Edridge,cedridge5f@nba.com,Male,92.194.117.163
197,Winifield,Adamiak,wadamiak5g@moonfruit.com,Male,40.64.188.148
198,Rikki,Cosin,rcosin5h@discovery.com,Male,62.235.227.28
199,Gwenette,Allaker,gallaker5i@eepurl.com,Female,98.208.54.190
200,Robinett,Wingfield,rwingfield5j@homestead.com,Female,146.82.60.173
201,Opalina,McCrorie,omccrorie5k@technorati.com,Female,193.3.84.128
202,Mike,Franceschelli,mfranceschelli5l@sakura.ne.jp,Male,196.153.159.98
203,Kiri,Le Fevre,klefevre5m@europa.eu,Female,79.66.105.108
204,Allayne,Gerrelt,agerrelt5n@ifeng.com,Male,3.58.238.135
205,Mark,Bolger,mbolger5o@angelfire.com,Male,242.223.239.48
206,Leonanie,Guillain,lguillain5p@nih.gov,Female,22.135.43.182
207,Yvonne,Vedeniktov,yvedeniktov5q@rambler.ru,Female,42.101.38.49
208,Marcy,Bulward,mbulward5r@flickr.com,Female,13.125.104.252
209,Danice,Fuzzey,dfuzzey5s@ycombinator.com,Female,59.61.229.52
210,Juana,Jilkes,jjilkes5t@howstuffworks.com,Female,223.144.31.72
211,Shelton,Tomisch,stomisch5u@who.int,Male,199.139.167.209
212,Carri,Gosdin,cgosdin5v@umn.edu,Female,180.12.19.77
213,Ina,Urry,iurry5w@thetimes.co.uk,Female,21.217.158.100
214,Spencer,Hayhow,shayhow5x@friendfeed.com,Male,154.244.3.29
215,Sampson,Blackman,sblackman5y@lulu.com,Male,85.133.6.85
216,Gabie,Powles,gpowles5z@ft.com,Male,244.167.181.142
217,Larisa,Bigley,lbigley60@virginia.edu,Female,109.108.167.129
218,Alexine,McGlue,amcglue61@trellian.com,Female,79.109.39.33
219,Abagael,Matashkin,amatashkin62@naver.com,Female,111.169.28.169
220,Esmeralda,Daintith,edaintith63@yandex.ru,Female,85.148.6.108
221,Gussi,Straw,gstraw64@vimeo.com,Female,137.136.41.184
222,Katee,Dallan,kdallan65@europa.eu,Female,243.211.43.7
223,Karoly,Ruckhard,kruckhard66@paypal.com,Female,52.109.220.163
224,Alessandro,Burd,aburd67@exblog.jp,Male,102.167.249.198
225,Aldon,Berecloth,aberecloth68@whitehouse.gov,Male,156.191.3.238
226,Aubrie,Woolf,awoolf69@exblog.jp,Female,131.160.244.77
227,Chan,Carnoghan,ccarnoghan6a@craigslist.org,Male,214.235.156.15
228,Juline,Devanney,jdevanney6b@nymag.com,Female,145.103.11.73
229,Alisander,Onthank,aonthank6c@dagondesign.com,Male,94.23.77.245
230,Samantha,Gildersleaves,sgildersleaves6d@myspace.com,Female,111.216.24.146
231,Mauricio,Pither,mpither6e@t-online.de,Male,239.72.226.214
232,Benjamen,Ashwood,bashwood6f@parallels.com,Male,107.59.101.140
233,Ivor,Justis,ijustis6g@comcast.net,Male,150.180.169.137
234,Shaylynn,Fulloway,sfulloway6h@plala.or.jp,Female,234.190.162.65
235,Bonny,Englishby,benglishby6i@guardian.co.uk,Female,37.45.49.158
236,Catlee,Carillo,ccarillo6j@wufoo.com,Female,23.212.6.149
237,Aloysius,Trinder,atrinder6k@shareasale.com,Male,188.239.154.225
238,Pieter,Alvar,palvar6l@xinhuanet.com,Male,190.15.240.90
239,Constancia,Wallhead,cwallhead6m@globo.com,Female,219.243.5.149
240,Georgianna,Laux,glaux6n@wufoo.com,Female,229.56.104.199
241,Rab,Carwardine,rcarwardine6o@sina.com.cn,Male,13.252.184.126
242,Malena,Aitchinson,maitchinson6p@weather.com,Female,238.246.187.46
243,Albert,Crusham,acrusham6q@uiuc.edu,Male,215.99.20.86
244,Mace,Keesman,mkeesman6r@wikimedia.org,Male,111.236.69.11
245,Pen,Leatham,pleatham6s@apple.com,Male,111.252.134.31
246,Viviana,Bowdidge,vbowdidge6t@gov.uk,Female,7.127.110.5
247,Darda,Ardy,dardy6u@smugmug.com,Female,231.179.177.236
248,Caprice,Dignall,cdignall6v@vk.com,Female,193.73.241.78
249,Tailor,Zanneli,tzanneli6w@vkontakte.ru,Male,23.152.186.25
250,Mina,Bostock,mbostock6x@tinypic.com,Female,123.212.36.232
251,Tobe,Grady,tgrady6y@mit.edu,Male,141.52.223.129
252,Nobe,Couche,ncouche6z@apache.org,Male,114.144.160.77
253,Genevieve,Keirl,gkeirl70@adobe.com,Female,84.164.190.163
254,Katine,Gardiner,kgardiner71@stanford.edu,Female,251.193.58.160
255,Brigg,Boulde,bboulde72@usnews.com,Male,142.119.115.9
256,Bunni,Ahrenius,bahrenius73@yale.edu,Female,193.83.11.255
257,Bobinette,Le febre,blefebre74@artisteer.com,Female,147.178.100.186
258,Oswell,Managh,omanagh75@cloudflare.com,Male,9.253.8.204
259,Theodora,Lote,tlote76@rakuten.co.jp,Female,25.108.36.213
260,Bastien,Glandon,bglandon77@abc.net.au,Male,26.189.81.243
261,Deana,Jarmyn,djarmyn78@phpbb.com,Female,6.197.97.139
262,Westbrook,Cordero,wcordero79@constantcontact.com,Male,251.251.82.241
263,Bertie,Crawford,bcrawford7a@microsoft.com,Female,59.217.4.125
264,Dewain,Bourton,dbourton7b@furl.net,Male,4.250.247.229
265,Quincy,Nowell,qnowell7c@sakura.ne.jp,Male,144.99.117.210
266,Arleta,Bonsall,abonsall7d@washingtonpost.com,Female,215.147.243.153
267,Christian,de Aguirre,cdeaguirre7e@chron.com,Male,40.46.38.76
268,Ricoriki,Goff,rgoff7f@nifty.com,Male,26.12.243.40
269,Garnette,MacMechan,gmacmechan7g@earthlink.net,Female,211.77.208.152
270,Blanch,Winsper,bwinsper7h@oracle.com,Female,214.56.150.76
271,Modesta,Downey,mdowney7i@baidu.com,Female,171.136.111.209
272,Rockey,Windridge,rwindridge7j@sakura.ne.jp,Male,207.2.122.39
273,Bill,Skelly,bskelly7k@mail.ru,Male,137.144.65.158
274,Jsandye,Rigge,jrigge7l@hostgator.com,Female,97.217.239.253
275,Wendi,Harmour,wharmour7m@mapquest.com,Female,4.210.83.234
276,Marlo,Heckney,mheckney7n@addthis.com,Female,3.58.75.192
277,Jackqueline,Greystoke,jgreystoke7o@princeton.edu,Female,117.133.87.120
278,Susanetta,Gregine,sgregine7p@privacy.gov.au,Female,89.236.75.254
279,Warner,De Angelis,wdeangelis7q@ow.ly,Male,151.7.1.191
280,Bernadette,Franssen,bfranssen7r@si.edu,Female,88.103.74.67
281,Mathian,Benedidick,mbenedidick7s@shinystat.com,Male,184.178.159.45
282,Ketty,Darinton,kdarinton7t@slate.com,Female,163.51.110.194
283,Deane,Laight,dlaight7u@sakura.ne.jp,Female,141.128.130.152
284,Jecho,Larner,jlarner7v@discovery.com,Male,229.162.162.150
285,Tailor,Emanuele,temanuele7w@51.la,Male,53.203.85.48
286,Frank,Titford,ftitford7x@uiuc.edu,Female,38.141.143.60
287,Krispin,Southward,ksouthward7y@squarespace.com,Male,182.236.61.248
288,Harold,Ramplee,hramplee7z@liveinternet.ru,Male,165.20.102.47
289,Ramonda,Wickett,rwickett80@amazon.co.uk,Female,102.243.158.36
290,Kim,Osgood,kosgood81@studiopress.com,Male,204.148.59.26
291,Ahmed,Moine,amoine82@sphinn.com,Male,117.243.150.13
292,Delinda,Pennino,dpennino83@nasa.gov,Female,197.226.91.145
293,Lilli,Broy,lbroy84@wikimedia.org,Female,127.207.34.217
294,Georgy,Burghall,gburghall85@imageshack.us,Male,99.73.251.255
295,Madeline,Whaymand,mwhaymand86@bloglovin.com,Female,107.131.20.224
296,Elia,Tipping,etipping87@ibm.com,Male,72.207.221.43
297,Janet,Scorrer,jscorrer88@simplemachines.org,Female,155.142.213.75
298,Roslyn,Tremmil,rtremmil89@cam.ac.uk,Female,123.81.173.170
299,Kerstin,Cliss,kcliss8a@flickr.com,Female,219.216.147.37
300,Aimee,Rousell,arousell8b@wiley.com,Female,160.124.29.179
301,Lana,Symonds,lsymonds8c@ucoz.ru,Female,142.40.17.184
302,Peirce,Dudek,pdudek8d@baidu.com,Male,230.137.201.186
303,Harry,Satyford,hsatyford8e@mit.edu,Male,204.221.47.243
304,Abrahan,Fortnam,afortnam8f@twitter.com,Male,56.30.228.90
305,Tabbatha,Delacroix,tdelacroix8g@woothemes.com,Female,107.31.15.58
306,Berget,Tregunnah,btregunnah8h@prnewswire.com,Female,195.101.150.238
307,Shelley,Twinborough,stwinborough8i@pen.io,Male,8.181.245.13
308,Chrisy,Dudenie,cdudenie8j@chicagotribune.com,Male,141.89.83.9
309,Earl,Baynon,ebaynon8k@odnoklassniki.ru,Male,207.206.133.179
310,Eldridge,Bonniface,ebonniface8l@paginegialle.it,Male,138.80.36.70
311,Karlan,Frangleton,kfrangleton8m@mit.edu,Male,206.192.253.92
312,Lillian,Houlison,lhoulison8n@rambler.ru,Female,111.158.103.161
313,Hashim,Strain,hstrain8o@jigsy.com,Male,9.54.90.160
314,Olenolin,Tredwell,otredwell8p@nhs.uk,Male,177.160.247.130
315,Kalinda,Galgey,kgalgey8q@ihg.com,Female,74.42.180.154
316,Demetre,Wallage,dwallage8r@facebook.com,Male,195.250.105.145
317,Chet,Lezemore,clezemore8s@whitehouse.gov,Male,222.158.4.121
318,Weylin,O'Conor,woconor8t@abc.net.au,Male,133.226.212.131
319,Taddeo,Bernholt,tbernholt8u@eventbrite.com,Male,108.159.213.222
320,Janice,Flanner,jflanner8v@vinaora.com,Female,66.209.110.94
321,Coop,Swinney,cswinney8w@tripadvisor.com,Male,47.24.153.253
322,Alaric,Ferrierio,aferrierio8x@cmu.edu,Male,136.35.195.235
323,Ruttger,Jakoubek,rjakoubek8y@yandex.ru,Male,48.64.26.199
324,Gerri,Bassindale,gbassindale8z@instagram.com,Male,82.203.69.17
325,Rufus,Wigsell,rwigsell90@homestead.com,Male,214.247.77.9
326,Con,Creber,ccreber91@time.com,Female,12.216.138.78
327,Rivy,Merryweather,rmerryweather92@blinklist.com,Female,37.152.244.173
328,Vance,Strooband,vstrooband93@studiopress.com,Male,7.68.147.218
329,Skip,Dandison,sdandison94@w3.org,Male,160.185.208.162
330,Olia,Mangon,omangon95@cpanel.net,Female,55.198.135.102
331,Nichole,Kuban,nkuban96@mashable.com,Male,198.224.242.206
332,Tobin,Brumen,tbrumen97@nymag.com,Male,159.209.24.149
333,Elden,Quenby,equenby98@fc2.com,Male,96.234.57.174
334,Richmound,Moreno,rmoreno99@printfriendly.com,Male,172.137.156.102
335,Moe,Stittle,mstittle9a@sciencedirect.com,Male,52.235.201.136
336,Ramon,Sellan,rsellan9b@sciencedirect.com,Male,50.78.149.253
337,Easter,Burchill,eburchill9c@geocities.jp,Female,166.2.176.1
338,Ferdinanda,Ainley,fainley9d@ask.com,Female,17.222.97.116
339,Marj,Grainge,mgrainge9e@icq.com,Female,102.123.239.78
340,Onfre,Pennycock,opennycock9f@mozilla.com,Male,166.231.126.97
341,Natalina,Rowland,nrowland9g@sina.com.cn,Female,31.209.8.71
342,Stevena,Sokale,ssokale9h@networkadvertising.org,Female,177.65.213.26
343,Wilhelmine,Huson,whuson9i@dailymotion.com,Female,188.155.135.17
344,Shep,Bartlett,sbartlett9j@mit.edu,Male,207.223.53.34
345,Truman,Vane,tvane9k@bandcamp.com,Male,21.87.116.87
346,Valdemar,Loxston,vloxston9l@last.fm,Male,112.103.88.235
347,Christel,Greep,cgreep9m@gnu.org,Female,249.60.99.103
348,Freddi,Crain,fcrain9n@home.pl,Female,205.131.44.220
349,Ulric,Lukianov,ulukianov9o@xrea.com,Male,16.212.18.225
350,Zedekiah,Semeradova,zsemeradova9p@meetup.com,Male,96.47.87.89
351,Gretel,Biddwell,gbiddwell9q@twitpic.com,Female,157.83.170.146
352,Mariya,Bulward,mbulward9r@symantec.com,Female,236.206.229.9
353,Elmira,Mephan,emephan9s@economist.com,Female,98.33.107.106
354,Erma,Bredgeland,ebredgeland9t@cbc.ca,Female,194.70.187.114
355,Des,Coxen,dcoxen9u@ustream.tv,Male,166.231.23.46
356,Selinda,Everingham,severingham9v@boston.com,Female,207.8.70.222
357,Ricardo,Richichi,rrichichi9w@google.com.br,Male,220.20.204.250
358,Abigail,Anten,aanten9x@pagesperso-orange.fr,Female,40.141.219.135
359,Elias,Lafoy,elafoy9y@adobe.com,Male,91.94.248.177
360,Maury,Newbatt,mnewbatt9z@cnet.com,Male,186.53.48.75
361,Harrie,Durnill,hdurnilla0@berkeley.edu,Female,3.130.2.44
362,Brett,Buckthought,bbuckthoughta1@gmpg.org,Male,53.142.39.127
363,Terrill,McBryde,tmcbrydea2@facebook.com,Male,78.105.175.163
364,Mariejeanne,Pountain,mpountaina3@walmart.com,Female,86.14.143.48
365,Arley,Gricks,agricksa4@google.co.uk,Male,93.211.73.48
366,Gannie,Frankum,gfrankuma5@bandcamp.com,Male,201.20.45.103
367,Bryon,Mayward,bmaywarda6@amazon.de,Male,106.54.4.141
368,Yehudit,Acland,yaclanda7@artisteer.com,Male,202.49.236.221
369,Sigrid,Ridwood,sridwooda8@lycos.com,Female,146.5.233.79
370,Howie,Yule,hyulea9@go.com,Male,134.115.154.23
371,Kahaleel,Nekrews,knekrewsaa@eepurl.com,Male,108.64.23.205
372,Vannie,Niave,vniaveab@chronoengine.com,Female,228.153.158.209
373,Alexandre,Considine,aconsidineac@mail.ru,Male,138.112.25.72
374,Kermit,Allix,kallixad@seattletimes.com,Male,85.26.63.111
375,Lona,Garment,lgarmentae@youtu.be,Female,62.135.120.128
376,Isiahi,Rushmere,irushmereaf@nature.com,Male,17.134.30.166
377,Alexa,Dorey,adoreyag@discovery.com,Female,102.18.91.156
378,Emlynn,Riseborough,eriseboroughah@nih.gov,Female,254.12.175.18
379,Gearard,Jencken,gjenckenai@list-manage.com,Male,228.212.165.3
380,Granny,Romaint,gromaintaj@yandex.ru,Male,88.177.26.125
381,Jolynn,Leedes,jleedesak@slideshare.net,Female,75.218.61.12
382,Deedee,Ludlow,dludlowal@ebay.com,Female,156.7.118.46
383,Ban,Ducket,bducketam@shop-pro.jp,Male,230.83.154.36
384,Irena,Scorer,iscoreran@zdnet.com,Female,155.98.127.197
385,Micheil,Livock,mlivockao@shareasale.com,Male,79.111.174.156
386,Patrice,Aspinall,paspinallap@google.co.uk,Male,110.183.155.137
387,Reynard,McKinney,rmckinneyaq@lulu.com,Male,199.246.80.125
388,Rolland,Uppett,ruppettar@ifeng.com,Male,170.160.82.189
389,Jacynth,Howsden,jhowsdenas@photobucket.com,Female,59.122.138.203
390,Correy,Masdon,cmasdonat@ucsd.edu,Female,201.184.176.49
391,Arly,Basketfield,abasketfieldau@homestead.com,Female,63.99.39.177
392,Oliviero,Fruchon,ofruchonav@indiatimes.com,Male,142.183.35.248
393,Gennie,Oxer,goxeraw@independent.co.uk,Female,242.12.242.153
394,Red,Mallindine,rmallindineax@infoseek.co.jp,Male,211.200.84.162
395,Kayne,Iron,kironay@parallels.com,Male,2.86.247.135
396,Layney,Skentelbury,lskentelburyaz@omniture.com,Female,49.216.44.5
397,Lanny,Sinclaire,lsinclaireb0@redcross.org,Male,240.108.76.68
398,Elia,Trench,etrenchb1@apple.com,Male,184.165.106.59
399,Nollie,Pollack,npollackb2@google.nl,Male,78.43.194.107
400,Holden,Swafield,hswafieldb3@yelp.com,Male,181.65.7.214
401,Elisabeth,Deyes,edeyesb4@wufoo.com,Female,58.182.182.229
402,Arnoldo,Darrington,adarringtonb5@msn.com,Male,185.247.73.80
403,Brucie,Butland,bbutlandb6@so-net.ne.jp,Male,62.26.128.197
404,Farlie,Constance,fconstanceb7@vistaprint.com,Male,153.102.154.136
405,Aleece,Lait,alaitb8@opensource.org,Female,22.56.174.45
406,Jock,Winspire,jwinspireb9@flavors.me,Male,20.159.206.155
407,Town,Dukesbury,tdukesburyba@mit.edu,Male,237.34.158.210
408,Maren,Paty,mpatybb@theguardian.com,Female,136.74.2.25
409,Osborne,Harrild,oharrildbc@home.pl,Male,1.161.155.87
410,Rochell,Garralts,rgarraltsbd@blogtalkradio.com,Female,65.227.25.186
411,Bartholomeus,Wardell,bwardellbe@bluehost.com,Male,93.148.78.81
412,Ginnifer,Weadick,gweadickbf@blogs.com,Female,219.127.233.98
413,Tallie,Meijer,tmeijerbg@multiply.com,Male,140.83.10.241
414,Grissel,Gansbuhler,ggansbuhlerbh@wikimedia.org,Female,12.56.56.91
415,Merry,Sicely,msicelybi@goo.ne.jp,Male,66.159.70.167
416,Wilmar,Ashtonhurst,washtonhurstbj@boston.com,Male,39.247.0.67
417,Viki,Bortolutti,vbortoluttibk@economist.com,Female,116.48.161.47
418,Hakim,Pearsey,hpearseybl@google.ca,Male,181.147.211.59
419,Stesha,Fitzsymons,sfitzsymonsbm@cnbc.com,Female,175.168.172.74
420,Georgette,Di Giorgio,gdigiorgiobn@army.mil,Female,192.194.8.142
421,Ludvig,Cruickshanks,lcruickshanksbo@cloudflare.com,Male,229.219.134.183
422,Sandie,Ivkovic,sivkovicbp@woothemes.com,Female,148.166.73.1
423,Link,Lembcke,llembckebq@howstuffworks.com,Male,249.54.147.95
424,Morgun,Crutchley,mcrutchleybr@si.edu,Male,136.38.132.161
425,Jo-ann,Hewlings,jhewlingsbs@economist.com,Female,162.136.139.53
426,Charis,Casford,ccasfordbt@forbes.com,Female,115.252.236.11
427,Herrick,Bucktrout,hbucktroutbu@chronoengine.com,Male,10.234.65.16
428,Rosalinda,Orford,rorfordbv@ucoz.com,Female,37.10.235.5
429,Deloris,McCoid,dmccoidbw@ehow.com,Female,219.10.182.240
430,Erhart,Cumo,ecumobx@paginegialle.it,Male,8.206.181.127
431,Lorry,Canizares,lcanizaresby@spiegel.de,Male,67.235.10.212
432,Cristina,Labusquiere,clabusquierebz@gmpg.org,Female,215.88.203.179
433,Ealasaid,Girkins,egirkinsc0@liveinternet.ru,Female,150.78.206.89
434,Gracie,McMains,gmcmainsc1@hatena.ne.jp,Female,189.45.163.138
435,Celestia,Brandrick,cbrandrickc2@parallels.com,Female,29.114.117.76
436,Cly,Petrovic,cpetrovicc3@weibo.com,Male,25.133.207.153
437,Bayard,Gregorio,bgregorioc4@chronoengine.com,Male,184.106.174.170
438,Dacia,Martygin,dmartyginc5@slate.com,Female,124.132.228.193
439,Eulalie,Danzey,edanzeyc6@gmpg.org,Female,116.65.182.63
440,Ignatius,Nassie,inassiec7@odnoklassniki.ru,Male,92.202.164.40
441,Lorilyn,Hindmore,lhindmorec8@is.gd,Female,15.24.11.123
442,Che,Burgyn,cburgync9@naver.com,Male,123.123.23.96
443,Elisha,Biggins,ebigginsca@naver.com,Male,249.11.238.140
444,Quinn,Weighell,qweighellcb@dailymotion.com,Female,249.203.33.134
445,Ev,Cornelius,ecorneliuscc@newsvine.com,Male,236.73.212.40
446,Alan,Rao,araocd@accuweather.com,Male,174.15.217.216
447,Justen,Gwinn,jgwinnce@zdnet.com,Male,133.251.44.113
448,Sallyann,Saunt,ssauntcf@auda.org.au,Female,79.151.233.106
449,Isidore,Dickson,idicksoncg@bloglovin.com,Male,80.55.99.220
450,Mira,Riba,mribach@last.fm,Female,163.83.210.207
451,Archambault,Orsay,aorsayci@1688.com,Male,235.150.222.11
452,Jilleen,Challener,jchallenercj@washingtonpost.com,Female,212.68.35.192
453,Kristopher,Batham,kbathamck@foxnews.com,Male,140.233.42.94
454,Evonne,Gudeman,egudemancl@nydailynews.com,Female,125.148.111.142
455,Tad,Bolf,tbolfcm@unesco.org,Male,230.117.240.245
456,Karina,Fend,kfendcn@tiny.cc,Female,226.22.8.66
457,Teddi,Whitnell,twhitnellco@addthis.com,Female,172.127.168.75
458,Dani,Horry,dhorrycp@skype.com,Female,98.112.101.74
459,Leesa,Stebbings,lstebbingscq@sitemeter.com,Female,214.201.196.119
460,Annora,Duiguid,aduiguidcr@tinypic.com,Female,224.47.11.93
461,Rainer,Boutell,rboutellcs@springer.com,Male,168.167.191.8
462,Roderigo,Wintringham,rwintringhamct@about.me,Male,36.24.220.223
463,Mortimer,McAneny,mmcanenycu@hatena.ne.jp,Male,2.142.152.23
464,Kip,Habershon,khabershoncv@princeton.edu,Male,105.119.1.100
465,Justinn,Ruckledge,jruckledgecw@dropbox.com,Female,163.138.160.233
466,Hayden,Taynton,htayntoncx@ask.com,Male,18.243.240.139
467,Farlee,Brislan,fbrislancy@army.mil,Male,147.142.186.92
468,Mozes,Marlowe,mmarlowecz@washingtonpost.com,Male,154.155.186.78
469,Salomone,Elliot,selliotd0@chronoengine.com,Male,144.184.0.90
470,Jess,Took,jtookd1@imgur.com,Male,174.210.162.126
471,Gwen,Crowdy,gcrowdyd2@squidoo.com,Female,96.131.223.130
472,Megan,Garken,mgarkend3@latimes.com,Female,71.29.84.167
473,Larine,Pyper,lpyperd4@redcross.org,Female,187.210.134.25
474,Tilly,Horsewood,thorsewoodd5@last.fm,Female,115.179.240.111
475,Chloris,Goodredge,cgoodredged6@google.co.uk,Female,66.13.76.233
476,Billi,Troman,btromand7@reverbnation.com,Female,44.203.58.255
477,Ellswerth,Nozzolinii,enozzoliniid8@joomla.org,Male,185.168.173.133
478,Dale,Danshin,ddanshind9@icq.com,Female,232.168.207.203
479,Darryl,Torrie,dtorrieda@uol.com.br,Male,176.11.220.240
480,Collen,Milkins,cmilkinsdb@chronoengine.com,Female,6.124.244.129
481,Link,Freer,lfreerdc@blogspot.com,Male,58.48.171.80
482,Frazier,Archdeacon,farchdeacondd@elpais.com,Male,214.38.127.134
483,Sibeal,Tucsell,stucsellde@utexas.edu,Female,235.43.220.186
484,Grantham,Skowcraft,gskowcraftdf@abc.net.au,Male,29.241.81.195
485,Titos,Ocklin,tocklindg@privacy.gov.au,Male,17.51.165.51
486,Wiatt,Verdun,wverdundh@artisteer.com,Male,145.192.167.33
487,Marleah,O'Shevlan,moshevlandi@economist.com,Female,130.246.45.84
488,Hewe,Thames,hthamesdj@discovery.com,Male,91.235.160.247
489,Charles,Haliburn,chaliburndk@google.co.jp,Male,57.106.252.96
490,Dulce,Rosoni,drosonidl@businessinsider.com,Female,224.212.123.242
491,Doreen,Rawll,drawlldm@soup.io,Female,12.138.248.129
492,Jessamine,Bollom,jbollomdn@jigsy.com,Female,115.25.225.3
493,Evvy,Sergeant,esergeantdo@noaa.gov,Female,79.149.100.84
494,Charlot,Pinnigar,cpinnigardp@gov.uk,Female,166.52.47.22
495,Sarah,Worthing,sworthingdq@google.nl,Female,232.243.94.33
496,Cristian,Robottom,crobottomdr@twitpic.com,Male,143.62.196.240
497,Maximilianus,Fearick,mfearickds@go.com,Male,129.187.194.37
498,Colan,Durnian,cdurniandt@imdb.com,Male,93.38.194.217
499,Leonid,Enefer,leneferdu@stanford.edu,Male,119.183.198.188
500,Jason,Blessed,jblesseddv@nba.com,Male,144.95.86.199
501,Hunfredo,Steanson,hsteansondw@ask.com,Male,146.80.135.137
502,Allie,Broggetti,abroggettidx@feedburner.com,Female,249.94.247.33
503,Shamus,Gaskin,sgaskindy@chicagotribune.com,Male,161.102.241.177
504,Michelle,Grason,mgrasondz@symantec.com,Female,224.174.238.21
505,Claudianus,Outerbridge,couterbridgee0@yolasite.com,Male,16.204.171.204
506,Orville,Stait,ostaite1@networksolutions.com,Male,166.71.207.143
507,Adeline,Blaver,ablavere2@un.org,Female,242.223.168.67
508,Phillip,Grime,pgrimee3@wix.com,Male,116.189.71.238
509,Germana,Dot,gdote4@reddit.com,Female,25.8.39.152
510,Fredrika,Chadbourne,fchadbournee5@tinyurl.com,Female,159.97.4.181
511,Nannette,Christofol,nchristofole6@admin.ch,Female,150.247.217.180
512,Rodd,Courtman,rcourtmane7@webeden.co.uk,Male,78.182.60.60
513,Colver,Echalie,cechaliee8@goo.gl,Male,217.224.160.41
514,Babara,Vakhonin,bvakhonine9@ftc.gov,Female,215.250.17.163
515,Wilmar,Petrolli,wpetrolliea@list-manage.com,Male,180.210.229.120
516,Jecho,Whittall,jwhittalleb@delicious.com,Male,203.26.149.18
517,Elaina,Pinckney,epinckneyec@oakley.com,Female,45.152.61.89
518,Barnard,Mynard,bmynarded@canalblog.com,Male,72.210.125.58
519,Cathryn,Kinnin,ckinninee@jalbum.net,Female,75.75.128.197
520,Abigail,Tretter,atretteref@list-manage.com,Female,43.40.213.248
521,Kris,Filppetti,kfilppettieg@cornell.edu,Male,77.171.11.112
522,Tadio,Seawright,tseawrighteh@loc.gov,Male,40.110.141.13
523,Leah,McGahern,lmcgahernei@auda.org.au,Female,245.173.44.230
524,Umberto,Stokes,ustokesej@github.io,Male,91.74.174.179
525,Quintilla,Womersley,qwomersleyek@omniture.com,Female,252.116.4.50
526,Shelba,Jain,sjainel@cbc.ca,Female,141.44.27.11
527,Kassie,Wanley,kwanleyem@deliciousdays.com,Female,152.176.60.242
528,Antonin,Colerick,acolericken@amazon.co.jp,Male,95.152.159.35
529,Merla,Louder,mloudereo@alibaba.com,Female,230.89.138.107
530,Fabe,Genney,fgenneyep@t.co,Male,176.78.158.59
531,Greg,Drayson,gdraysoneq@dyndns.org,Male,82.103.61.119
532,Carmen,Spriddle,cspriddleer@seattletimes.com,Female,80.35.93.76
533,Carlie,Adrienne,cadriennees@pen.io,Female,139.98.147.94
534,Amanda,Harbage,aharbageet@apache.org,Female,160.230.45.10
535,Brewer,Shervington,bshervingtoneu@uol.com.br,Male,153.119.205.40
536,Clarence,Ivasyushkin,civasyushkinev@indiegogo.com,Male,221.1.99.204
537,Farlee,Birdsey,fbirdseyew@tmall.com,Male,43.78.18.107
538,Yehudi,Demke,ydemkeex@digg.com,Male,52.227.164.44
539,Eleni,Cockroft,ecockroftey@live.com,Female,69.6.232.163
540,Morly,Meyrick,mmeyrickez@ihg.com,Male,243.218.166.204
541,Terrance,Clemmey,tclemmeyf0@canalblog.com,Male,53.224.168.105
542,Cyrillus,Binford,cbinfordf1@nifty.com,Male,149.189.213.64
543,Giraldo,Threlfall,gthrelfallf2@issuu.com,Male,213.51.117.69
544,Stanislaus,Fronek,sfronekf3@sina.com.cn,Male,190.36.90.200
545,Fanni,Witheford,fwithefordf4@mozilla.com,Female,155.71.108.216
546,Debee,Summerley,dsummerleyf5@spotify.com,Female,192.167.113.107
547,Bernadine,Trevan,btrevanf6@example.com,Female,52.200.102.216
548,Nertie,Berryman,nberrymanf7@intel.com,Female,149.57.144.94
549,Cameron,Aubin,caubinf8@comsenz.com,Male,235.168.128.217
550,Ann,Ballinger,aballingerf9@g.co,Female,7.169.244.52
551,Michell,Hallowell,mhallowellfa@ow.ly,Female,58.71.46.83
552,Marcelline,Abthorpe,mabthorpefb@ameblo.jp,Female,13.234.174.12
553,Lydie,Madeley,lmadeleyfc@boston.com,Female,182.147.81.66
554,Fannie,Possel,fposselfd@quantcast.com,Female,15.97.202.80
555,Idell,Proctor,iproctorfe@twitter.com,Female,126.240.120.100
556,Kym,Broodes,kbroodesff@hp.com,Female,209.44.76.218
557,Arlina,Richin,arichinfg@buzzfeed.com,Female,112.173.5.113
558,Chic,Pentony,cpentonyfh@shutterfly.com,Male,166.252.53.77
559,Kerwinn,McGarahan,kmcgarahanfi@cnbc.com,Male,250.142.84.175
560,Mauricio,Stickney,mstickneyfj@seesaa.net,Male,181.237.141.208
561,Cami,Di Biasio,cdibiasiofk@cbc.ca,Female,191.79.214.170
562,Farrand,Playdon,fplaydonfl@apache.org,Female,68.168.4.210
563,Tansy,Braund,tbraundfm@tinypic.com,Female,169.81.20.207
564,Jewelle,Lindstrom,jlindstromfn@wikispaces.com,Female,18.231.116.27
565,Robinson,Matts,rmattsfo@newyorker.com,Male,141.13.142.10
566,Solomon,Werrett,swerrettfp@nyu.edu,Male,164.46.28.183
567,Sollie,Jopp,sjoppfq@cmu.edu,Male,95.53.78.92
568,Vaughan,Austen,vaustenfr@xrea.com,Male,177.69.165.85
569,Pearl,Eisig,peisigfs@networksolutions.com,Female,132.67.68.142
570,Bevan,Drains,bdrainsft@list-manage.com,Male,66.149.2.239
571,Donna,Ledrun,dledrunfu@hubpages.com,Female,99.101.23.210
572,Mil,Chasteau,mchasteaufv@so-net.ne.jp,Female,20.223.22.8
573,Emmery,Archibould,earchibouldfw@unesco.org,Male,183.117.140.49
574,Araldo,Franzoli,afranzolifx@cam.ac.uk,Male,115.192.73.47
575,Curtice,Bowmen,cbowmenfy@is.gd,Male,120.237.52.58
576,Concettina,Crosland,ccroslandfz@g.co,Female,164.74.133.128
577,Mariejeanne,Attoe,mattoeg0@mit.edu,Female,169.87.202.73
578,Northrup,Chastan,nchastang1@e-recht24.de,Male,152.83.123.76
579,Teddie,Dolphin,tdolphing2@g.co,Male,237.141.9.58
580,Madelena,Attwater,mattwaterg3@lycos.com,Female,196.13.240.4
581,Traci,Jacobbe,tjacobbeg4@ifeng.com,Female,80.9.242.145
582,Jody,Westerman,jwestermang5@yandex.ru,Female,78.137.152.244
583,Dilly,Paike,dpaikeg6@chronoengine.com,Male,61.55.56.211
584,Frankie,Shankster,fshanksterg7@scientificamerican.com,Female,50.191.54.245
585,Jakob,Pernell,jpernellg8@dion.ne.jp,Male,180.222.161.13
586,Deina,Tyers,dtyersg9@zdnet.com,Female,39.190.204.7
587,Katheryn,Grute,kgrutega@ycombinator.com,Female,239.8.22.242
588,Giovanni,Quiney,gquineygb@cdbaby.com,Male,47.44.76.196
589,Conny,Budnk,cbudnkgc@ovh.net,Male,22.226.160.148
590,Ettie,Enterle,eenterlegd@lycos.com,Female,172.18.91.21
591,Edlin,Barbie,ebarbiege@slate.com,Male,235.168.166.205
592,Irma,Mongain,imongaingf@wikipedia.org,Female,246.156.75.160
593,Cobbie,Ruthven,cruthvengg@bloomberg.com,Male,39.152.154.86
594,Nannie,Kimm,nkimmgh@stumbleupon.com,Female,234.35.131.203
595,Cyrill,Hedger,chedgergi@posterous.com,Male,44.250.105.175
596,Heather,Antalffy,hantalffygj@telegraph.co.uk,Female,222.116.112.115
597,Valentin,Breydin,vbreydingk@ameblo.jp,Male,1.177.198.163
598,Irwinn,Keeling,ikeelinggl@github.com,Male,234.87.62.190
599,Pris,Acory,pacorygm@slashdot.org,Female,110.6.192.153
600,Jeralee,Averill,javerillgn@amazon.com,Female,198.153.47.83
601,Estevan,Biskupski,ebiskupskigo@sphinn.com,Male,70.238.245.105
602,Levey,Inott,linottgp@who.int,Male,171.65.155.213
603,Kassie,Egerton,kegertongq@icq.com,Female,223.208.206.110
604,Sheridan,Skippon,sskippongr@google.es,Male,45.12.93.39
605,Laughton,Croote,lcrootegs@disqus.com,Male,232.195.102.113
606,Eleanor,Clunan,eclunangt@jiathis.com,Female,232.147.222.159
607,Fernandina,Pengelley,fpengelleygu@weibo.com,Female,34.182.171.66
608,Aubrie,Wintersgill,awintersgillgv@sbwire.com,Female,252.49.38.194
609,Tisha,Solomonides,tsolomonidesgw@about.com,Female,95.253.5.187
610,Egbert,Bolstridge,ebolstridgegx@w3.org,Male,240.209.77.135
611,Garrik,Brolechan,gbrolechangy@pbs.org,Male,49.246.140.219
612,Weber,Carley,wcarleygz@linkedin.com,Male,86.200.49.179
613,Clementina,Cauley,ccauleyh0@eventbrite.com,Female,235.53.6.216
614,Tera,Stealy,tstealyh1@discuz.net,Female,232.79.227.162
615,Mina,McQuarter,mmcquarterh2@naver.com,Female,240.20.14.119
616,Nicolina,Hein,nheinh3@netscape.com,Female,31.207.250.227
617,Shela,Klejin,sklejinh4@acquirethisname.com,Female,189.71.26.124
618,Rinaldo,Waterworth,rwaterworthh5@yolasite.com,Male,105.177.64.153
619,Jehu,Charrett,jcharretth6@amazon.de,Male,212.146.191.61
620,Martha,Hearthfield,mhearthfieldh7@dedecms.com,Female,67.159.44.61
621,Ches,Bruckental,cbruckentalh8@slate.com,Male,145.227.110.56
622,Ileane,Summerlie,isummerlieh9@vk.com,Female,59.197.28.239
623,Kathryn,Shatliffe,kshatliffeha@shinystat.com,Female,109.5.150.176
624,Glynn,Canape,gcanapehb@europa.eu,Male,26.94.2.139
625,Drake,Christofe,dchristofehc@eventbrite.com,Male,145.87.224.2
626,Correy,Brusle,cbruslehd@purevolume.com,Male,202.57.89.162
627,Faith,Bigly,fbiglyhe@technorati.com,Female,17.22.222.176
628,Conchita,Clackers,cclackershf@vistaprint.com,Female,113.195.156.179
629,Jocelyne,Millmoe,jmillmoehg@moonfruit.com,Female,177.44.237.168
630,Nero,MacAvaddy,nmacavaddyhh@dailymotion.com,Male,243.126.221.148
631,Verena,Sizland,vsizlandhi@npr.org,Female,107.248.153.175
632,Joly,Allridge,jallridgehj@mail.ru,Female,106.163.18.210
633,Alberik,Dehn,adehnhk@hostgator.com,Male,102.1.83.121
634,Ewen,Triplett,etripletthl@wordpress.org,Male,21.245.6.163
635,Ethelred,Caplis,ecaplishm@xing.com,Male,166.212.228.144
636,Lu,Batcheldor,lbatcheldorhn@sciencedaily.com,Female,202.218.220.231
637,Anabelle,Fortun,afortunho@discovery.com,Female,255.49.102.211
638,Bryn,Adelsberg,badelsberghp@clickbank.net,Male,251.34.146.137
639,Shanna,Grabbam,sgrabbamhq@answers.com,Female,109.11.18.160
640,Trixie,McKague,tmckaguehr@chron.com,Female,223.185.151.115
641,Aubrey,Marini,amarinihs@dell.com,Male,201.57.150.186
642,Maurice,Kleuer,mkleuerht@ebay.co.uk,Male,105.242.134.97
643,Pru,Soldan,psoldanhu@umn.edu,Female,118.134.173.34
644,Errick,Vittori,evittorihv@artisteer.com,Male,234.159.78.141
645,Nikola,Proudlock,nproudlockhw@sogou.com,Male,144.217.237.72
646,Brendis,Pedrick,bpedrickhx@usgs.gov,Male,107.110.19.87
647,Grazia,Summerskill,gsummerskillhy@vinaora.com,Female,86.161.245.21
648,Henry,Rowson,hrowsonhz@cmu.edu,Male,94.150.91.20
649,Clotilda,Finnick,cfinnicki0@macromedia.com,Female,154.252.172.18
650,Erskine,Roseblade,erosebladei1@vistaprint.com,Male,226.125.97.121
651,Eran,Davage,edavagei2@imgur.com,Female,173.106.62.233
652,Barby,Stockle,bstocklei3@ning.com,Female,191.194.86.146
653,Meris,Romao,mromaoi4@bloglines.com,Female,129.66.52.222
654,Veronike,MacNeachtain,vmacneachtaini5@businessinsider.com,Female,42.247.153.252
655,Dallon,Skippon,dskipponi6@netlog.com,Male,5.147.218.147
656,Tannie,McKeever,tmckeeveri7@slate.com,Male,150.232.221.136
657,Skye,Garton,sgartoni8@i2i.jp,Male,250.45.120.140
658,Dory,Harbron,dharbroni9@mac.com,Male,57.21.251.86
659,Sallyann,Girdlestone,sgirdlestoneia@dmoz.org,Female,152.31.132.255
660,Thacher,Tompkiss,ttompkissib@ebay.com,Male,181.141.151.3
661,Krissie,Whetnell,kwhetnellic@constantcontact.com,Female,58.214.208.142
662,Melany,Woof,mwoofid@soundcloud.com,Female,130.121.221.35
663,Jessika,Whayman,jwhaymanie@apple.com,Female,223.216.82.81
664,Malchy,Schollar,mschollarif@mit.edu,Male,172.201.86.135
665,Hort,Wilstead,hwilsteadig@mlb.com,Male,218.178.135.157
666,Hart,Jenteau,hjenteauih@wisc.edu,Male,80.28.141.250
667,Holly,Spurrett,hspurrettii@issuu.com,Female,50.149.233.108
668,Lauren,Guitonneau,lguitonneauij@soup.io,Female,238.120.142.2
669,Tandie,Bellfield,tbellfieldik@unicef.org,Female,115.43.111.52
670,Frederico,Bleckly,fblecklyil@pen.io,Male,63.196.87.64
671,Eba,Boyan,eboyanim@yellowpages.com,Female,152.178.196.220
672,Rosemarie,Biset,rbisetin@toplist.cz,Female,132.217.254.246
673,Donnajean,O'Leary,dolearyio@biblegateway.com,Female,153.152.6.238
674,Franni,Wensley,fwensleyip@harvard.edu,Female,219.26.183.100
675,Phillipe,Fallowfield,pfallowfieldiq@list-manage.com,Male,22.216.142.92
676,Shelagh,Southam,ssouthamir@tinyurl.com,Female,245.214.37.211
677,Jesse,Worsalls,jworsallsis@buzzfeed.com,Female,180.176.44.50
678,Claudine,Trelevan,ctrelevanit@flickr.com,Female,138.144.177.192
679,Pearce,Craighill,pcraighilliu@addtoany.com,Male,218.164.189.26
680,Chantal,Jewster,cjewsteriv@wikia.com,Female,240.146.49.38
681,Hodge,Matuszynski,hmatuszynskiiw@chronoengine.com,Male,23.240.51.135
682,Muffin,Gemmell,mgemmellix@wordpress.org,Female,54.48.96.118
683,Sadella,Wintringham,swintringhamiy@phpbb.com,Female,171.238.84.61
684,Matthieu,Blincowe,mblincoweiz@abc.net.au,Male,81.66.128.220
685,Sidonnie,Keane,skeanej0@is.gd,Female,48.215.28.15
686,Dedie,Atkyns,datkynsj1@google.com,Female,169.57.183.5
687,Axel,Stener,astenerj2@live.com,Male,160.47.243.126
688,Leopold,Wegenen,lwegenenj3@boston.com,Male,169.96.4.189
689,Sheffield,Mercik,smercikj4@shop-pro.jp,Male,63.220.87.45
690,Garland,Stubbings,gstubbingsj5@twitpic.com,Female,162.167.251.231
691,Rochell,Cluet,rcluetj6@sbwire.com,Female,202.84.88.165
692,Caroline,Morcombe,cmorcombej7@addtoany.com,Female,167.101.23.29
693,Thedric,Gibke,tgibkej8@newyorker.com,Male,113.122.251.202
694,Sheri,Peacey,speaceyj9@deliciousdays.com,Female,155.103.35.98
695,Worth,Wyss,wwyssja@livejournal.com,Male,255.24.245.25
696,Field,Fortoun,ffortounjb@answers.com,Male,187.238.52.33
697,Ethe,Ochiltree,eochiltreejc@epa.gov,Male,164.50.150.41
698,Mella,Geydon,mgeydonjd@livejournal.com,Female,28.101.172.96
699,Tina,Antonat,tantonatje@stanford.edu,Female,132.28.44.192
700,Janeta,Tomasik,jtomasikjf@google.co.jp,Female,39.170.18.153
701,Mellie,Agnolo,magnolojg@google.com.au,Female,142.230.195.178
702,Mikkel,Pittet,mpittetjh@uiuc.edu,Male,91.201.90.99
703,Gracia,Burl,gburlji@squarespace.com,Female,99.89.201.242
704,Damien,Alliband,dallibandjj@bloglines.com,Male,91.118.32.142
705,Eddie,Pepperd,epepperdjk@indiegogo.com,Male,79.2.187.52
706,Ivory,Eilhart,ieilhartjl@cargocollective.com,Female,88.67.24.86
707,Chastity,Troillet,ctroilletjm@hubpages.com,Female,110.184.203.110
708,Baillie,Maris,bmarisjn@msn.com,Male,128.10.140.39
709,Prue,Ringe,pringejo@washingtonpost.com,Female,80.16.34.33
710,Chantal,McMullen,cmcmullenjp@europa.eu,Female,197.182.182.34
711,Krissie,Alker,kalkerjq@wufoo.com,Female,96.3.212.236
712,Renie,Doiley,rdoileyjr@ebay.com,Female,49.233.80.38
713,Vladimir,Barrable,vbarrablejs@surveymonkey.com,Male,213.29.187.151
714,Terrance,Fearneley,tfearneleyjt@t.co,Male,133.115.129.41
715,Nertie,Menezes,nmenezesju@wisc.edu,Female,153.221.186.85
716,Marven,Ordish,mordishjv@wisc.edu,Male,162.107.105.70
717,Britt,Zannelli,bzannellijw@nydailynews.com,Female,70.249.140.220
718,Skip,Kippling,skipplingjx@pagesperso-orange.fr,Male,37.115.243.96
719,Adams,Jaggs,ajaggsjy@surveymonkey.com,Male,90.149.241.170
720,Kristyn,Heliot,kheliotjz@fc2.com,Female,158.224.186.149
721,De,Binch,dbinchk0@bizjournals.com,Female,125.181.96.180
722,Whittaker,Ellph,wellphk1@npr.org,Male,134.203.135.53
723,Gay,Smales,gsmalesk2@forbes.com,Male,176.175.193.34
724,Linoel,Harrigan,lharrigank3@rediff.com,Male,109.197.72.204
725,Meriel,Yo,myok4@accuweather.com,Female,2.159.111.57
726,Domenic,Leah,dleahk5@odnoklassniki.ru,Male,42.179.94.192
727,Amery,Harbron,aharbronk6@amazon.co.uk,Male,114.177.68.58
728,Neddie,Fuge,nfugek7@geocities.com,Male,121.91.57.95
729,Olympie,Fitch,ofitchk8@amazonaws.com,Female,212.16.47.141
730,Graig,Kissack,gkissackk9@rambler.ru,Male,83.142.119.132
731,Karoly,Gook,kgookka@amazon.de,Female,198.95.108.155
732,Aldwin,Lanfere,alanferekb@upenn.edu,Male,199.60.122.219
733,Imogen,Gurton,igurtonkc@tuttocitta.it,Female,125.80.185.210
734,Lexi,Pandey,lpandeykd@amazonaws.com,Female,72.188.54.186
735,Cece,Eyers,ceyerske@technorati.com,Male,129.71.75.140
736,Elisha,Oneil,eoneilkf@phpbb.com,Female,221.116.52.5
737,Keith,Sumnall,ksumnallkg@earthlink.net,Male,3.53.80.28
738,Shadow,Lines,slineskh@wordpress.com,Male,182.197.105.60
739,Miof mela,Bell,mbellki@qq.com,Female,9.64.106.107
740,Nadine,Bickerstasse,nbickerstassekj@clickbank.net,Female,119.165.151.33
741,Enrique,Milmo,emilmokk@dmoz.org,Male,86.205.202.229
742,Parry,Ingliss,pinglisskl@miitbeian.gov.cn,Male,131.214.5.190
743,Imogene,Rankling,iranklingkm@symantec.com,Female,75.128.157.182
744,Arty,Harnell,aharnellkn@joomla.org,Male,19.55.35.161
745,Barbee,Merck,bmerckko@ow.ly,Female,26.153.201.187
746,Jaclyn,Tackell,jtackellkp@answers.com,Female,208.126.64.152
747,Thaxter,Elcott,telcottkq@comcast.net,Male,232.113.216.45
748,Astrid,Roston,arostonkr@ameblo.jp,Female,86.203.247.211
749,Mariele,Lawtie,mlawtieks@blogs.com,Female,78.115.133.35
750,Adriane,Allum,aallumkt@hc360.com,Female,118.254.187.244
751,Marthena,Quinnell,mquinnellku@epa.gov,Female,48.70.65.130
752,Germain,Hindge,ghindgekv@wikia.com,Female,74.191.169.206
753,Natividad,Woodeson,nwoodesonkw@xing.com,Female,162.175.147.180
754,Toni,Kay,tkaykx@delicious.com,Female,10.163.249.206
755,Zacharie,Tagg,ztaggky@answers.com,Male,235.103.120.150
756,Debbi,McPaike,dmcpaikekz@patch.com,Female,161.145.45.154
757,Ruby,Gorner,rgornerl0@buzzfeed.com,Male,249.64.60.9
758,Lyndel,Goomes,lgoomesl1@mtv.com,Female,178.49.186.22
759,Georas,Batha,gbathal2@moonfruit.com,Male,81.186.189.87
760,Anselma,Dorken,adorkenl3@topsy.com,Female,223.197.226.215
761,Hyacinthia,Merrington,hmerringtonl4@linkedin.com,Female,48.34.230.130
762,Pamelina,Wavell,pwavelll5@hatena.ne.jp,Female,110.211.188.15
763,Leland,Watson,lwatsonl6@paginegialle.it,Female,35.190.136.52
764,Finley,Crome,fcromel7@earthlink.net,Male,64.96.52.49
765,Ros,Stimpson,rstimpsonl8@time.com,Female,113.86.83.75
766,Lani,Rothert,lrothertl9@yolasite.com,Female,39.171.105.38
767,Bryce,Guerrier,bguerrierla@nifty.com,Male,250.135.112.142
768,Kamillah,Blaxeland,kblaxelandlb@cdbaby.com,Female,31.100.135.148
769,Gaby,Shipsey,gshipseylc@marketwatch.com,Male,8.13.212.47
770,Lyndsie,Marnane,lmarnaneld@parallels.com,Female,203.244.42.70
771,Martica,Dressell,mdressellle@mapy.cz,Female,210.42.178.201
772,Elias,Riach,eriachlf@walmart.com,Male,188.184.62.57
773,Blanche,Riseam,briseamlg@wix.com,Female,214.151.37.173
774,Jerry,Howroyd,jhowroydlh@hhs.gov,Female,123.59.35.109
775,Windy,Marris,wmarrisli@elpais.com,Female,124.133.202.211
776,Klemens,Jerson,kjersonlj@ucla.edu,Male,138.160.122.110
777,Antin,Leak,aleaklk@fda.gov,Male,26.140.34.103
778,Cecilius,Hinkins,chinkinsll@gmpg.org,Male,189.138.98.25
779,Kaia,Mayor,kmayorlm@ustream.tv,Female,110.66.12.101
780,Kit,Radish,kradishln@ustream.tv,Female,83.116.160.120
781,Diandra,Dubose,dduboselo@army.mil,Female,24.26.166.71
782,Janina,Custed,jcustedlp@twitter.com,Female,41.192.67.15
783,Modesty,Owers,mowerslq@go.com,Female,187.161.122.217
784,Gwenora,Durbin,gdurbinlr@bbb.org,Female,211.184.233.3
785,Francklin,Beri,fberils@indiegogo.com,Male,32.206.117.224
786,Mariam,Thickett,mthickettlt@fda.gov,Female,89.26.246.243
787,Ruddy,Eldritt,reldrittlu@shareasale.com,Male,109.194.234.127
788,Gerrard,Duckering,gduckeringlv@columbia.edu,Male,201.220.90.49
789,Bertha,Naisbit,bnaisbitlw@gmpg.org,Female,147.69.58.99
790,Adlai,De Gogay,adegogaylx@ustream.tv,Male,240.220.124.15
791,Mirabel,Merrisson,mmerrissonly@dion.ne.jp,Female,244.58.153.150
792,Paxon,Brion,pbrionlz@go.com,Male,115.207.151.59
793,Leslie,Mortlock,lmortlockm0@upenn.edu,Male,132.160.236.247
794,Barbie,Clementel,bclementelm1@booking.com,Female,24.35.248.248
795,Nanette,Pashba,npashbam2@ebay.co.uk,Female,190.104.174.121
796,Homerus,Boyce,hboycem3@boston.com,Male,214.253.5.69
797,Cal,Goforth,cgoforthm4@addtoany.com,Male,184.3.164.195
798,Chas,Pietroni,cpietronim5@posterous.com,Male,220.250.40.249
799,Frankie,Oddey,foddeym6@salon.com,Male,129.226.107.29
800,Arron,Gullifant,agullifantm7@g.co,Male,199.234.86.34
801,Clem,Hardwidge,chardwidgem8@ow.ly,Male,55.47.115.134
802,Dela,Shallcross,dshallcrossm9@usatoday.com,Female,69.209.27.234
803,Elonore,Pettett,epettettma@hatena.ne.jp,Female,31.144.111.121
804,Auberon,Borel,aborelmb@google.cn,Male,17.197.58.117
805,Wade,Hibbart,whibbartmc@sitemeter.com,Male,12.83.109.189
806,Gaye,Secrett,gsecrettmd@hud.gov,Female,214.104.22.151
807,Prentiss,Faier,pfaierme@cdbaby.com,Male,155.30.122.145
808,Leeland,Merrigan,lmerriganmf@reddit.com,Male,192.43.139.156
809,Archie,Baseggio,abaseggiomg@wix.com,Male,198.120.229.40
810,Granville,Formilli,gformillimh@imgur.com,Male,33.1.249.22
811,Llywellyn,Trembey,ltrembeymi@wiley.com,Male,33.105.97.123
812,Rick,Greasley,rgreasleymj@hostgator.com,Male,68.172.141.13
813,Sella,Giorgeschi,sgiorgeschimk@shutterfly.com,Female,192.189.195.207
814,Vannie,Sims,vsimsml@nba.com,Female,82.191.40.142
815,Melisa,Daltrey,mdaltreymm@chronoengine.com,Female,30.222.111.202
816,Mickey,Kohlerman,mkohlermanmn@desdev.cn,Male,36.57.234.62
817,Jeremiah,Lindro,jlindromo@hexun.com,Male,198.219.41.250
818,Joseito,Chad,jchadmp@smugmug.com,Male,148.206.195.90
819,Karlens,Hatfield,khatfieldmq@nydailynews.com,Male,43.137.69.197
820,Rolf,Pooley,rpooleymr@cnbc.com,Male,138.233.134.235
821,Rosco,Kinsella,rkinsellams@amazonaws.com,Male,199.234.241.35
822,Kari,Shayler,kshaylermt@ted.com,Female,78.241.8.211
823,Farah,More,fmoremu@whitehouse.gov,Female,196.90.28.196
824,Alister,Forryan,aforryanmv@miitbeian.gov.cn,Male,152.92.3.57
825,Bevin,Tesseyman,btesseymanmw@umich.edu,Male,142.61.105.35
826,Parsifal,Toulson,ptoulsonmx@noaa.gov,Male,190.73.196.33
827,Bobbi,Ennever,bennevermy@livejournal.com,Female,128.177.184.86
828,Lizabeth,Harmstone,lharmstonemz@dion.ne.jp,Female,136.35.201.2
829,Ogdon,Rix,orixn0@independent.co.uk,Male,57.161.179.181
830,Wanids,Eckels,weckelsn1@trellian.com,Female,85.205.222.35
831,Casandra,Baughen,cbaughenn2@marriott.com,Female,50.141.8.47
832,Sybil,Abbay,sabbayn3@cnn.com,Female,40.66.102.226
833,Orson,Bedburrow,obedburrown4@printfriendly.com,Male,15.34.96.220
834,Luisa,Bream,lbreamn5@typepad.com,Female,98.107.215.189
835,Morlee,Nowland,mnowlandn6@vimeo.com,Male,116.33.88.180
836,Elnar,Sibbons,esibbonsn7@elegantthemes.com,Male,71.113.143.239
837,Ervin,Domenget,edomengetn8@shareasale.com,Male,255.243.92.169
838,Britta,Shackle,bshacklen9@odnoklassniki.ru,Female,98.149.152.29
839,Genny,St. Louis,gstlouisna@prlog.org,Female,84.52.213.154
840,Corny,Cowland,ccowlandnb@netscape.com,Male,123.156.38.255
841,Pate,McGawn,pmcgawnnc@ed.gov,Male,84.62.60.245
842,Milton,Fortnam,mfortnamnd@npr.org,Male,227.174.91.175
843,Shayna,Hofner,shofnerne@webnode.com,Female,106.11.16.70
844,Tiffie,Anand,tanandnf@baidu.com,Female,157.135.155.226
845,Norbie,Nield,nnieldng@hatena.ne.jp,Male,12.251.13.1
846,Sergio,Emmott,semmottnh@ibm.com,Male,39.104.219.100
847,Rolando,Kenright,rkenrightni@dell.com,Male,151.6.208.159
848,Anders,Brouwer,abrouwernj@mediafire.com,Male,104.25.133.100
849,Cory,Cotgrave,ccotgravenk@yale.edu,Female,117.48.243.183
850,Maitilde,Nys,mnysnl@google.ru,Female,229.230.167.29
851,Alonso,Megroff,amegroffnm@shop-pro.jp,Male,1.160.61.188
852,Townie,Ormistone,tormistonenn@sciencedirect.com,Male,135.232.62.114
853,Jacinthe,Flynn,jflynnno@bizjournals.com,Female,118.54.161.93
854,Neddy,Mattiacci,nmattiaccinp@yahoo.co.jp,Male,112.84.38.131
855,Con,MacFarland,cmacfarlandnq@ow.ly,Female,15.83.252.188
856,Malachi,Dyne,mdynenr@prweb.com,Male,206.112.97.111
857,Arney,Mercey,amerceyns@discovery.com,Male,114.252.235.106
858,Isabelle,Sweeting,isweetingnt@histats.com,Female,41.250.194.194
859,Buffy,Chattey,bchatteynu@about.com,Female,110.109.184.167
860,Anne-marie,Honnan,ahonnannv@buzzfeed.com,Female,126.101.204.169
861,Mandel,Townrow,mtownrownw@prweb.com,Male,68.113.111.3
862,Thomas,Hoys,thoysnx@timesonline.co.uk,Male,3.224.135.85
863,Gratiana,Hawler,ghawlerny@slate.com,Female,229.99.135.83
864,Roderigo,Fone,rfonenz@yellowpages.com,Male,217.95.86.15
865,Waylen,Shreeves,wshreeveso0@freewebs.com,Male,222.50.7.125
866,Binny,Walklate,bwalklateo1@wikimedia.org,Female,102.75.39.50
867,Arabelle,Habben,ahabbeno2@pagesperso-orange.fr,Female,101.118.146.152
868,Grantham,Cabell,gcabello3@slate.com,Male,86.148.112.240
869,Dell,Butler,dbutlero4@geocities.jp,Female,149.188.208.89
870,Garrett,Kerner,gkernero5@live.com,Male,112.118.146.142
871,Major,Coppeard,mcoppeardo6@ovh.net,Male,250.119.194.181
872,Rolando,Biggen,rbiggeno7@icio.us,Male,189.197.70.35
873,Russ,Cobley,rcobleyo8@stumbleupon.com,Male,31.13.4.242
874,Terrence,McRamsey,tmcramseyo9@wired.com,Male,109.146.29.98
875,Hugh,Mehew,hmehewoa@irs.gov,Male,146.195.71.191
876,Dalston,Tubble,dtubbleob@technorati.com,Male,39.123.72.61
877,Evy,Bewsy,ebewsyoc@pen.io,Female,39.158.134.207
878,Noami,Galilee,ngalileeod@theglobeandmail.com,Female,142.15.174.96
879,Etheline,Biddles,ebiddlesoe@a8.net,Female,152.180.165.228
880,Port,Dubble,pdubbleof@marketwatch.com,Male,73.76.157.1
881,Kristi,Julian,kjulianog@java.com,Female,101.88.250.129
882,Lowell,Manby,lmanbyoh@youtu.be,Male,195.238.188.92
883,Carolin,McKmurrie,cmckmurrieoi@businessinsider.com,Female,174.222.222.71
884,Jerald,Thon,jthonoj@qq.com,Male,83.229.113.226
885,Zaria,Kirrens,zkirrensok@china.com.cn,Female,55.170.71.15
886,Anders,Brassington,abrassingtonol@tumblr.com,Male,98.62.116.220
887,Felic,Butting,fbuttingom@vkontakte.ru,Male,82.237.27.217
888,Keary,Walter,kwalteron@xing.com,Male,238.71.95.125
889,Fidole,Lowbridge,flowbridgeoo@vimeo.com,Male,228.54.8.220
890,Dael,Jonah,djonahop@deliciousdays.com,Female,148.245.185.110
891,Shermie,Nendick,snendickoq@scribd.com,Male,41.178.75.195
892,Charin,Osment,cosmentor@unblog.fr,Female,216.253.143.183
893,Marcela,Conws,mconwsos@booking.com,Female,11.224.192.213
894,Moises,Paprotny,mpaprotnyot@dailymotion.com,Male,49.64.243.72
895,Loraine,Ryson,lrysonou@google.nl,Female,12.248.217.115
896,Brandice,Dumbar,bdumbarov@ebay.com,Female,252.30.142.223
897,Andreana,Redding,areddingow@mit.edu,Female,39.128.224.86
898,Carmelia,Strelitzer,cstrelitzerox@amazon.co.uk,Female,196.56.110.246
899,Gussy,Szimoni,gszimonioy@clickbank.net,Female,102.253.56.195
900,Bartolomeo,Loghan,bloghanoz@infoseek.co.jp,Male,40.64.173.25
901,Rogers,Langthorn,rlangthornp0@moonfruit.com,Male,158.43.21.24
902,Alphonso,Oris,aorisp1@washington.edu,Male,101.175.109.131
903,Romain,Eyers,reyersp2@reference.com,Male,106.54.25.119
904,Erinn,Coltherd,ecoltherdp3@bravesites.com,Female,36.65.109.34
905,Susie,Van Leeuwen,svanleeuwenp4@example.com,Female,215.190.29.201
906,Inna,Cord,icordp5@merriam-webster.com,Female,56.130.95.30
907,Minerva,Rankmore,mrankmorep6@mapquest.com,Female,85.65.243.187
908,Miner,Beaford,mbeafordp7@google.ru,Male,82.53.2.2
909,Nikkie,Gurwood,ngurwoodp8@freewebs.com,Female,53.37.206.8
910,Cameron,Todarello,ctodarellop9@hc360.com,Male,190.69.72.235
911,Ced,Tremellan,ctremellanpa@behance.net,Male,242.203.112.103
912,Tabbatha,Pover,tpoverpb@wired.com,Female,37.15.79.221
913,Donall,Eam,deampc@list-manage.com,Male,47.16.244.32
914,Sherilyn,O'Quin,soquinpd@51.la,Female,61.191.121.175
915,Roderich,Trusler,rtruslerpe@hubpages.com,Male,242.26.198.15
916,Jaquelin,Hoffner,jhoffnerpf@springer.com,Female,195.224.114.150
917,Sharon,Lindsay,slindsaypg@vistaprint.com,Female,144.41.172.28
918,Michaela,Sharkey,msharkeyph@samsung.com,Female,8.15.119.222
919,Adrian,Winser,awinserpi@gov.uk,Male,112.82.0.14
920,Martita,Birley,mbirleypj@seattletimes.com,Female,251.253.106.50
921,Cicely,Durno,cdurnopk@ezinearticles.com,Female,149.229.54.241
922,Sarge,Statton,sstattonpl@google.co.uk,Male,61.13.156.181
923,Dinnie,Midghall,dmidghallpm@indiegogo.com,Female,17.247.90.110
924,Linc,Ricoald,lricoaldpn@comcast.net,Male,217.28.230.64
925,Ami,Gergolet,agergoletpo@cbslocal.com,Female,44.241.44.27
926,Whittaker,Healey,whealeypp@sakura.ne.jp,Male,246.98.252.169
927,Luciano,Coraini,lcorainipq@bbb.org,Male,157.147.196.196
928,Cassi,Whittick,cwhittickpr@baidu.com,Female,176.87.188.202
929,Bunnie,Gwinn,bgwinnps@ucoz.com,Female,98.251.110.86
930,Cindelyn,Shewan,cshewanpt@zimbio.com,Female,173.146.101.209
931,Sherye,Curnok,scurnokpu@wikimedia.org,Female,215.66.246.121
932,Mendie,Sturge,msturgepv@newsvine.com,Male,166.188.113.3
933,Merralee,Stevens,mstevenspw@ca.gov,Female,4.27.130.223
934,Basile,Maso,bmasopx@4shared.com,Male,92.224.161.219
935,Ardeen,Lytlle,alytllepy@cbsnews.com,Female,53.241.153.99
936,Mario,Marcussen,mmarcussenpz@mozilla.org,Male,133.23.38.231
937,Jude,Lasslett,jlasslettq0@linkedin.com,Male,14.187.158.28
938,Giusto,MacDowall,gmacdowallq1@netlog.com,Male,145.211.41.68
939,Madeline,Joannic,mjoannicq2@timesonline.co.uk,Female,193.113.140.40
940,Tobit,Egdal,tegdalq3@wsj.com,Male,13.229.218.205
941,Genna,Briscow,gbriscowq4@opera.com,Female,0.146.240.162
942,Juieta,Roussell,jroussellq5@hugedomains.com,Female,231.90.253.150
943,Kaleena,Ishchenko,kishchenkoq6@answers.com,Female,10.136.45.111
944,Sydel,Holdren,sholdrenq7@surveymonkey.com,Female,161.225.69.129
945,Adora,Revill,arevillq8@cornell.edu,Female,223.107.124.239
946,Gare,Chaloner,gchalonerq9@unblog.fr,Male,253.29.42.116
947,Blayne,O'Dowgaine,bodowgaineqa@opensource.org,Male,124.3.169.35
948,Arlyne,Tow,atowqb@ed.gov,Female,63.111.45.100
949,Elyse,Spellecy,espellecyqc@blog.com,Female,144.214.241.177
950,Wallace,Jacklin,wjacklinqd@wikimedia.org,Male,225.181.173.160
951,Debor,Toupe,dtoupeqe@weebly.com,Female,162.153.44.83
952,Rudolf,Brownscombe,rbrownscombeqf@cloudflare.com,Male,75.188.183.116
953,Kriste,Gorring,kgorringqg@utexas.edu,Female,215.48.172.179
954,Verine,Maass,vmaassqh@cmu.edu,Female,131.169.110.110
955,Buiron,Carney,bcarneyqi@europa.eu,Male,157.147.1.41
956,Leonhard,Sywell,lsywellqj@blinklist.com,Male,138.123.145.34
957,Padraig,Fransson,pfranssonqk@fda.gov,Male,47.111.29.141
958,Rudiger,Itzcovichch,ritzcovichchql@plala.or.jp,Male,56.128.155.170
959,Judye,Cains,jcainsqm@cdbaby.com,Female,32.148.249.113
960,Dukie,McPake,dmcpakeqn@go.com,Male,132.42.72.196
961,Mattie,Poltun,mpoltunqo@toplist.cz,Female,229.44.87.85
962,Zita,Suche,zsucheqp@kickstarter.com,Female,68.76.26.160
963,Gleda,Lougheed,glougheedqq@histats.com,Female,83.46.172.234
964,Merle,Corneljes,mcorneljesqr@ebay.com,Male,246.174.133.119
965,Grayce,Dysert,gdysertqs@weebly.com,Female,98.45.170.226
966,Findley,Hardern,fhardernqt@meetup.com,Male,244.156.169.69
967,Winna,Moat,wmoatqu@gnu.org,Female,124.254.150.163
968,Waldemar,Brehaut,wbrehautqv@chron.com,Male,164.102.171.69
969,Farra,Gretton,fgrettonqw@php.net,Female,145.12.152.237
970,Findlay,Deaton,fdeatonqx@gnu.org,Male,42.31.66.233
971,Kennith,Kalewe,kkaleweqy@buzzfeed.com,Male,235.90.164.254
972,Jerrome,Bateson,jbatesonqz@uiuc.edu,Male,231.146.82.130
973,Craig,Maddrell,cmaddrellr0@utexas.edu,Male,101.210.151.7
974,Nara,Sambrok,nsambrokr1@mayoclinic.com,Female,205.7.106.167
975,Dian,Bielfeldt,dbielfeldtr2@altervista.org,Female,159.167.230.60
976,Greggory,Canelas,gcanelasr3@cyberchimps.com,Male,21.68.104.23
977,Anne,Carrel,acarrelr4@salon.com,Female,228.75.191.214
978,Odelle,Risebrow,orisebrowr5@nasa.gov,Female,211.66.44.121
979,Desiri,Roughan,droughanr6@aol.com,Female,147.72.110.190
980,Lyn,Dahlgren,ldahlgrenr7@newsvine.com,Male,44.216.141.109
981,Andromache,Hullah,ahullahr8@chronoengine.com,Female,103.44.215.96
982,Winny,Giacomoni,wgiacomonir9@google.pl,Female,71.172.232.2
983,Katti,Schust,kschustra@usatoday.com,Female,118.68.218.26
984,Cindelyn,Hain,chainrb@google.com.br,Female,54.125.42.41
985,Emmott,Ovendale,eovendalerc@github.io,Male,175.38.174.177
986,Edwin,Morant,emorantrd@istockphoto.com,Male,14.68.120.52
987,Friedrick,Tippler,ftipplerre@hexun.com,Male,145.122.136.86
988,Maurine,Barthelet,mbartheletrf@state.gov,Female,134.153.107.76
989,Terri,Rake,trakerg@linkedin.com,Male,95.129.209.112
990,Cher,Doogood,cdoogoodrh@dailymotion.com,Female,255.153.147.131
991,Leonanie,Wickwar,lwickwarri@fotki.com,Female,148.46.213.150
992,Port,Eglise,pegliserj@elegantthemes.com,Male,218.50.7.229
993,Laurie,Castelijn,lcastelijnrk@blogtalkradio.com,Male,110.124.129.107
994,Ari,Boutellier,aboutellierrl@about.com,Male,141.8.45.74
995,Vilhelmina,Leadston,vleadstonrm@guardian.co.uk,Female,180.67.193.80
996,Kattie,Matteoli,kmatteolirn@youtube.com,Female,95.122.227.245
997,Berrie,Luxon,bluxonro@about.com,Female,42.12.90.171
998,Caron,McGinley,cmcginleyrp@wikimedia.org,Female,232.233.4.142
999,Jedidiah,O'Rodane,jorodanerq@sakura.ne.jp,Male,194.5.55.104
1000,Aylmer,Tropman,atropmanrr@gnu.org,Male,4.140.56.83
